1,sadnkn,kandknka.jsbfjs@nkxnf.com,675478876
2,kndskank,jbajdja.snsf@nsfns.com,8628323879
3,mnskf,jbajdja.snsf@nsfns.com,89392932
4,nksnfk,jbajdja.snsf@nsfns.com,973942084
5,knskf,jbajdja.snsf@nsfns.com,863473429
6,knskfnksf,jbajdja.snsf@nsfns.com,92794279492
7,knsflsm,jbajdja.snsf@nsfns.com,973949429
8,slfmls,jbajdja.snsf@nsfns.com,824792742
9,sflmlsf,jbajdja.snsf@nsfns.com,82492427
10,mslfmlsmf,jbajdja.snsf@nsfns.com,384242744
12,ksnfkkdd,jbajdja.snsf@nsfns.com,873497934
11,ksfknsfns,jbajdja.snsf@nsfns.com,86492739293
13,kskfksfk,jbajdja.snsf@nsfns.com,8924924
