1,sachin,sachin.sach@sachin.com,675478876,
2,twinkal,twinkal.twink@twinkal.com,8628323879,
3,priya,priya.pri@priya.com,89392932,
4,chandan,chandan.chodu@chandan.com,973942084,
5,swapnil,swapnil.swap@swapnil.com,863473429,
6,Divya R,divya.div@divya.com,92794279492,
7,sandhya,sandhya.sandh@sandhya.com,973949429,
8,Roja,Roja.roj@roja.com,824792742,
9,Preethi,preethi.preet@preethi.com,82492427,
10,Sai,Venkal.sai@sai.com,384242744,
12,Raj,Raj.malhotra@malhotra.com,873497934,
11,Vineet,vineet.rauhilla@rauhilla.com,86492739293,
13,amit,amit.rauhilla@rauhill.com,8924924,
