1,jsfs,jjbajdja.snsf@nsfns.com,675478876,,Rahul,Radiology,2020 05 02, 05 47 32
2,knsknfs,jbajdja.snsf@nsfns.com,8628323879,,Rahul,Radiology,2020 05 02, 05:50:02
4,slsmlslflfs,jbajdja.snsf@nsfns.com,973942084,,Rahul,Radiology,2020 08 03, 12:00:00
3,nskfnkfsn,jbajdja.snsf@nsfns.com,89392932,,Rahul,Radiology,0001 01 01, 12:00:00
3,nskfnks,jbajdja.snsf@nsfns.com,89392932,,Rahul,Radiology,0001 01 01, 12:00:00
3,knsknfks,jbajdja.snsf@nsfns.com,89392932,,Rahul,Radiology,2020 07 22, 02:00:00
4,knksnfknfs,jbajdja.snsf@nsfns.com,973942084,,Rahul,Radiology,2020 12 22, 06:00:00
4,mnsnkfnkfs,jbajdja.snsf@nsfns.com,973942084,,Rahul,Radiology,2020 05 23, 02:00:00
5,knsknfknfs,jbajdja.snsf@nsfns.com,863473429,,Rahul,Radiology,2020 07 25, 11:00:00
6,knskflsmlf,jbajdja.snsf@nsfns.com,92794279492,,Rahul,Radiology,2020 06 25, 10:00:00
7,mnkfks,jbajdja.snsf@nsfns.com,973949429,,Rahul,Radiology,2020 07 18, 09:00:00
8,knskflsmlf,jnsjnjbajdja.snsf@nsfns.com,824792742,,Rahul,Radiology,2020 05 05, 12:00:00
12,jnsknfks,sjnfnskfjbajdja.snsf@nsfns.com,873497934,,Rahul,Radiology,2020 05 03, 11:00:00
11,jbjsfasnfkkaf,jbajdja.snsf@nsfns.com,86492739293,,Rahul,Radiology,2020 05 05, 01:00:00
13,jnsknfks,jbajdja.snsf@nsfns.com,8924924,,Rahul,Radiology,2020 06 20, 02:00:00
