1,sachin,sachin.sach@sachin.com,675478876,,Rahul,Radiology,2020 05 02, 05 47 32
2,twinkal,twinkal.twink@twinkal.com,8628323879,,Rahul,Radiology,2020 05 02, 05:50:02
4,chandan,chandan.chodu@chandan.com,973942084,,Rahul,Radiology,2020 08 03, 12:00:00
3,priya,priya.pri@priya.com,89392932,,Rahul,Radiology,0001 01 01, 12:00:00
3,priya,priya.pri@priya.com,89392932,,Rahul,Radiology,0001 01 01, 12:00:00
3,priya,priya.pri@priya.com,89392932,,Rahul,Radiology,2020 07 22, 02:00:00
4,chandan,chandan.chodu@chandan.com,973942084,,Rahul,Radiology,2020 12 22, 06:00:00
4,chandan,chandan.chodu@chandan.com,973942084,,Rahul,Radiology,2020 05 23, 02:00:00
5,swapnil,swapnil.swap@swapnil.com,863473429,,Rahul,Radiology,2020 07 25, 11:00:00
6,Divya R,divya.div@divya.com,92794279492,,Rahul,Radiology,2020 06 25, 10:00:00
7,sandhya,sandhya.sandh@sandhya.com,973949429,,Rahul,Radiology,2020 07 18, 09:00:00
8,Roja,Roja.roj@roja.com,824792742,,Rahul,Radiology,2020 05 05, 12:00:00
12,Raj,Raj.malhotra@malhotra.com,873497934,,Rahul,Radiology,2020 05 03, 11:00:00,
11,Vineet,vineet.rauhilla@rauhilla.com,86492739293,,Rahul,Radiology,2020 05 05, 01:00:00,
13,amit,amit.rauhilla@rauhill.com,8924924,,Rahul,Radiology,2020 06 20, 02:00:00,
